k;inercia;silueta
2;8107.256346910252;0.4043717658114118
3;5918.822903649404;0.33669989127832084
4;4461.268186849914;0.342807483568564
5;3699.7508943310113;0.32625964675684344
6;3175.879036323631;0.31759720904582217
7;2819.6263740468858;0.3066977283019072
8;2527.6068815065964;0.29633556300093244
