k;inercia;silueta
2;8065.047368327369;0.40820895095663473
3;5923.498885656068;0.33318181372981637
4;4414.419595050754;0.3470819569321727
5;3660.2009296071597;0.33151385886834694
6;3140.3531177258506;0.32201738152295306
7;2783.7613318426465;0.31323821327014717
8;2491.802283926419;0.2960957596757298
