modelo;accuracy;precision;recall;f1;roc_auc
Arbol de Decision;0.611336032388664;0.5966386554621849;0.5966386554621849;0.5966386554621849;0.6571297268907563
Random Forest;0.6145748987854251;0.5771725032425421;0.7478991596638656;0.6515373352855052;0.6548293067226891
Regresion Logistica;0.6105263157894737;0.5785123966942148;0.7058823529411765;0.6358819076457229;0.6501496848739496
