modelo;accuracy;precision;recall;f1;roc_auc
Arbol de Decision;0.6097165991902834;0.5952782462057336;0.5932773109243697;0.5942760942760943;0.6561200105042018
Random Forest;0.6105263157894737;0.5753968253968254;0.7310924369747899;0.6439674315321984;0.653658088235294
Regresion Logistica;0.6121457489878542;0.5796703296703297;0.7092436974789916;0.6379440665154951;0.6503597689075631
