modelo;MAE;RMSE;MAPE;R2
Regresion Lineal;246.01149299018206;316.41366412519926;7.475183251816614;0.9307342812154633
Random Forest;262.2661800716649;336.2485025420408;8.50007913261869;0.9217780563148201
Gradient Boosting;278.17128909696106;349.0090365307024;9.06434473109687;0.9157284020402645
