modelo;accuracy;precision;recall;f1;roc_auc
Random Forest;0.6256077795786061;0.5963541666666666;0.7508196721311475;0.6647314949201741;0.6709515552753258
Regresion Logistica;0.6231766612641815;0.59526938239159;0.7426229508196721;0.6608315098468271;0.6709489281210593
Arbol de Decision;0.606969205834684;0.5852660300136425;0.7032786885245902;0.6388682055100521;0.6579707860445566
