segmento_rfm;clientes;recencia_promedio;frecuencia_promedio;monto_promedio;monto_total;margen_total;ticket_promedio;categorias_promedio;online_rate_promedio;participacion_clientes;estrategia
Campeones;612;23.28267973856209;50.338235294117645;2228.3689950980392;1363761.825;426665.685;45.109092015453044;8.9640522875817;0.09363130752936887;0.12351160443995964;Mantener beneficios exclusivos, acceso anticipado a promociones y seguimiento de satisfaccion.
En riesgo;1400;237.7057142857143;3.0942857142857143;106.69220821428573;149369.0915;45548.5415;37.098706636904765;2.6085714285714285;0.07542517006802721;0.28254288597376387;Ejecutar acciones de recuperacion con ofertas personalizadas y comunicacion directa.
Leales de valor;1784;143.19899103139014;8.147982062780269;372.04960650224217;663736.498;208171.508;48.02798479839126;5.126681614349776;0.09414460814238104;0.36004036326942485;Impulsar venta cruzada y paquetes premium para aumentar frecuencia sin sacrificar margen.
Ocasionales;1159;14.881794650560828;8.166522864538395;348.96761777394306;404453.469;125977.879;43.563264986178304;5.168248490077653;0.08315286688757734;0.23390514631685166;Activar campañas de recurrencia con cupones moderados y recomendaciones por categoria.
