segmento_rfm;clientes;recencia_promedio;frecuencia_promedio;monto_promedio;monto_total;margen_total;ticket_promedio;categorias_promedio;online_rate_promedio;participacion_clientes;estrategia
Campeones;620;23.151612903225807;50.31612903225806;2404.8440282258066;1491003.2975;453753.8375;48.23317036964723;8.393548387096773;0.09202585078804473;0.12512613521695257;Mantener beneficios exclusivos, acceso anticipado a promociones y seguimiento de satisfaccion.
En riesgo;1344;243.97395833333334;3.080357142857143;114.92540811011904;154459.7485;46871.4285;40.420262004854024;2.5892857142857144;0.07802047902494331;0.27124117053481334;Ejecutar acciones de recuperacion con ofertas personalizadas y comunicacion directa.
Leales de valor;1815;139.63856749311296;8.087052341597795;401.0318283746557;727872.7685;224008.1485;52.283141396688926;5.014325068870523;0.09072889228961664;0.36629667003027244;Impulsar venta cruzada y paquetes premium para aumentar frecuencia sin sacrificar margen.
Ocasionales;1176;15.039115646258503;8.148809523809524;379.85580527210885;446710.427;136872.337;47.54833250312906;5.079081632653061;0.08518191934732892;0.23733602421796166;Activar campañas de recurrencia con cupones moderados y recomendaciones por categoria.
